<step title="Incoming Request" date="2026-02-20T19:50:09.213" instance="d52a4a" url="/api/publish?async=true&amp;deployer=GITHUB_ONE_DEPLOY&amp;type=zip&amp;message=%7B%22type%22%3A%22deployment%22%2C%22sha%22%3A%229bcf2614515c24d74c399e242ba84764e54ce0fb%22%2C%22repoName%22%3A%22Mlobeto%2FDivancoSaas%22%2C%22actor%22%3A%22Mlobeto%22%2C%22slotName%22%3A%22Production%22%2C%22commitMessage%22%3A%22Debug%3A%20list%20files%20before%20deploy%22%7D" method="POST" type="request" pid="833,1,7" Host="divancosaas-backend-h4esckd7cwbxhcdx.scm.centralus-01.azurewebsites.net" User-Agent="GITHUBACTIONS_DeployWebAppToAzure_953692e90c4048632a884533f68b06556c216fa2b988fd8f50512622c1057052" Authorization="Bea..." Content-Type="application/octet-stream" Cookie="ARRAffinity=d52a4aae69845e69056db869f8040bf318d79e2f15e14e216f32168994a14f86;Path=/;HttpOnly;Secure;Domain=divancosaas-backend-h4esckd7cwbxhcdx.scm.centralus-01.azurewebsites.net; ARRAffinitySameSite=d52a4aae69845e69056db869f8040bf318d79e2f15e14e216f32168994a14f86;Path=/;HttpOnly;SameSite=None;Secure;Domain=divancosaas-backend-h4esckd7cwbxhcdx.scm.centralus-01.azurewebsites.net" Transfer-Encoding="chunked" X-ARR-LOG-ID="6f287927-7e9f-4041-83db-60cbce8f958b" CLIENT-IP="4.246.135.37:55296" X-SITE-DEPLOYMENT-ID="divancosaas-backend" WAS-DEFAULT-HOSTNAME="divancosaas-backend-h4esckd7cwbxhcdx.scm.centralus-01.azurewebsites.net" X-Forwarded-Proto="https" X-AppService-Proto="https" X-Forwarded-TlsVersion="1.3" X-WAWS-Unencoded-URL="/api/publish?async=true&amp;deployer=GITHUB_ONE_DEPLOY&amp;type=zip&amp;message=%7B%22type%22%3A%22deployment%22%2C%22sha%22%3A%229bcf2614515c24d74c399e242ba84764e54ce0fb%22%2C%22repoName%22%3A%22Mlobeto%2FDivancoSaas%22%2C%22actor%22%3A%22Mlobeto%22%2C%22slotName%22%3A%22Production%22%2C%22commitMessage%22%3A%22Debug%3A%20list%20files%20before%20deploy%22%7D" X-Client-IP="4.246.135.37" X-Client-Port="55296" >
  <step title="Cleanup Xml Logs" date="2026-02-20T19:50:09.223" /><!-- duration: 194ms -->
  <step title="OneDeploy" date="2026-02-20T19:50:09.721" >
    <step title="Starting PushDeployAsync" date="2026-02-20T19:50:09.876" /><!-- duration: 24ms -->
    <step title="Writing artifact to /tmp/zipdeploy/5eb19175-aa09-4345-9cfc-3fde0992d59c.zip" date="2026-02-20T19:50:09.976" >
      <step title="Writing multipart request body to /tmp/zipdeploy/5eb19175-aa09-4345-9cfc-3fde0992d59c.zip" date="2026-02-20T19:50:10.015" /><!-- duration: 88ms -->
    </step><!-- duration: 7823ms -->
    <step title="Start deployment in the background" date="2026-02-20T19:50:17.846" >
      <step title="Acquiring Deployment Lock" date="2026-02-20T19:50:17.923" /><!-- duration: 9ms -->
      <step title="Cannot Acquire Deployment Lock already held" date="2026-02-20T19:50:17.949" /><!-- duration: 19ms -->
    </step><!-- duration: 296ms -->
    <step title="There is a deployment currently in progress. Please try again when it completes." date="2026-02-20T19:50:18.182" /><!-- duration: 21ms -->
  </step><!-- duration: 8500ms -->
  <step title="Outgoing response" date="2026-02-20T19:50:18.250" type="response" statusCode="409" statusText="Conflict" /><!-- duration: 16ms -->
</step><!-- duration: 9081ms -->
