<step title="Incoming Request" date="2026-02-20T19:38:49.749" instance="d52a4a" url="/api/publish?async=true&amp;deployer=GITHUB_ONE_DEPLOY&amp;type=zip&amp;message=%7B%22type%22%3A%22deployment%22%2C%22sha%22%3A%224e1c5be3a674a9f16c030877fd9a8e81f46d8a5f%22%2C%22repoName%22%3A%22Mlobeto%2FDivancoSaas%22%2C%22actor%22%3A%22Mlobeto%22%2C%22slotName%22%3A%22Production%22%2C%22commitMessage%22%3A%22Add%20or%20update%20the%20Azure%20App%20Service%20build%20and%20deployment%20workflow%20config%22%7D" method="POST" type="request" pid="833,1,19" Host="divancosaas-backend-h4esckd7cwbxhcdx.scm.centralus-01.azurewebsites.net" User-Agent="GITHUBACTIONS_DeployWebAppToAzure_953692e90c4048632a884533f68b06556c216fa2b988fd8f50512622c1057052" Authorization="Bea..." Content-Type="application/octet-stream" Cookie="ARRAffinity=d52a4aae69845e69056db869f8040bf318d79e2f15e14e216f32168994a14f86;Path=/;HttpOnly;Secure;Domain=divancosaas-backend-h4esckd7cwbxhcdx.scm.centralus-01.azurewebsites.net; ARRAffinitySameSite=d52a4aae69845e69056db869f8040bf318d79e2f15e14e216f32168994a14f86;Path=/;HttpOnly;SameSite=None;Secure;Domain=divancosaas-backend-h4esckd7cwbxhcdx.scm.centralus-01.azurewebsites.net" Transfer-Encoding="chunked" X-ARR-LOG-ID="5701de59-b643-4b24-8e62-60c592c5f697" CLIENT-IP="64.236.177.113:63424" X-SITE-DEPLOYMENT-ID="divancosaas-backend" WAS-DEFAULT-HOSTNAME="divancosaas-backend-h4esckd7cwbxhcdx.scm.centralus-01.azurewebsites.net" X-Forwarded-Proto="https" X-AppService-Proto="https" X-Forwarded-TlsVersion="1.3" X-WAWS-Unencoded-URL="/api/publish?async=true&amp;deployer=GITHUB_ONE_DEPLOY&amp;type=zip&amp;message=%7B%22type%22%3A%22deployment%22%2C%22sha%22%3A%224e1c5be3a674a9f16c030877fd9a8e81f46d8a5f%22%2C%22repoName%22%3A%22Mlobeto%2FDivancoSaas%22%2C%22actor%22%3A%22Mlobeto%22%2C%22slotName%22%3A%22Production%22%2C%22commitMessage%22%3A%22Add%20or%20update%20the%20Azure%20App%20Service%20build%20and%20deployment%20workflow%20config%22%7D" X-Client-IP="64.236.177.113" X-Client-Port="63424" >
  <step title="Cleanup Xml Logs" date="2026-02-20T19:38:49.754" /><!-- duration: 12ms -->
  <step title="OneDeploy" date="2026-02-20T19:38:50.407" >
    <step title="None repository commit" date="2026-02-20T19:38:50.516" >
      <step title="Commit id: aabf095b-700d-4e3d-a787-39dc7dcca528" date="2026-02-20T19:38:50.535" Message="N/A" AuthorName="N/A" AuthorEmail="N/A" /><!-- duration: 10ms -->
    </step><!-- duration: 41ms -->
    <step title="Starting PushDeployAsync" date="2026-02-20T19:38:50.574" /><!-- duration: 27ms -->
    <step title="Writing artifact to /tmp/zipdeploy/2e74ad07-299c-441d-8dbf-5f0c10ea0032.zip" date="2026-02-20T19:38:50.690" >
      <step title="Writing multipart request body to /tmp/zipdeploy/2e74ad07-299c-441d-8dbf-5f0c10ea0032.zip" date="2026-02-20T19:38:50.708" /><!-- duration: 4ms -->
    </step><!-- duration: 25258ms -->
    <step title="Start deployment in the background" date="2026-02-20T19:39:16.016" >
      <step title="Acquiring Deployment Lock" date="2026-02-20T19:39:16.162" /><!-- duration: 6ms -->
      <step title="Acquired Deployment Lock" date="2026-02-20T19:39:16.253" /><!-- duration: 14ms -->
    </step><!-- duration: 540ms -->
  </step><!-- duration: 26214ms -->
  <step title="Outgoing response" date="2026-02-20T19:39:16.661" type="response" statusCode="202" statusText="Accepted" /><!-- duration: 4ms -->
</step><!-- duration: 26924ms -->
