<step title="Incoming Request" date="2026-02-20T19:50:20.408" instance="d52a4a" url="/api/publish?async=true&amp;deployer=GITHUB_ONE_DEPLOY&amp;type=zip&amp;message=%7B%22type%22%3A%22deployment%22%2C%22sha%22%3A%229bcf2614515c24d74c399e242ba84764e54ce0fb%22%2C%22repoName%22%3A%22Mlobeto%2FDivancoSaas%22%2C%22actor%22%3A%22Mlobeto%22%2C%22slotName%22%3A%22Production%22%2C%22commitMessage%22%3A%22Debug%3A%20list%20files%20before%20deploy%22%7D" method="POST" type="request" pid="833,1,3" Host="divancosaas-backend-h4esckd7cwbxhcdx.scm.centralus-01.azurewebsites.net" User-Agent="GITHUBACTIONS_DeployWebAppToAzure_953692e90c4048632a884533f68b06556c216fa2b988fd8f50512622c1057052" Authorization="Bea..." Content-Type="application/octet-stream" Cookie="ARRAffinity=d52a4aae69845e69056db869f8040bf318d79e2f15e14e216f32168994a14f86;Path=/;HttpOnly;Secure;Domain=divancosaas-backend-h4esckd7cwbxhcdx.scm.centralus-01.azurewebsites.net; ARRAffinitySameSite=d52a4aae69845e69056db869f8040bf318d79e2f15e14e216f32168994a14f86;Path=/;HttpOnly;SameSite=None;Secure;Domain=divancosaas-backend-h4esckd7cwbxhcdx.scm.centralus-01.azurewebsites.net" Transfer-Encoding="chunked" X-ARR-LOG-ID="4b93460f-df68-44ca-84fa-1aba30d64945" CLIENT-IP="4.246.135.37:55296" X-SITE-DEPLOYMENT-ID="divancosaas-backend" WAS-DEFAULT-HOSTNAME="divancosaas-backend-h4esckd7cwbxhcdx.scm.centralus-01.azurewebsites.net" X-Forwarded-Proto="https" X-AppService-Proto="https" X-Forwarded-TlsVersion="1.3" X-WAWS-Unencoded-URL="/api/publish?async=true&amp;deployer=GITHUB_ONE_DEPLOY&amp;type=zip&amp;message=%7B%22type%22%3A%22deployment%22%2C%22sha%22%3A%229bcf2614515c24d74c399e242ba84764e54ce0fb%22%2C%22repoName%22%3A%22Mlobeto%2FDivancoSaas%22%2C%22actor%22%3A%22Mlobeto%22%2C%22slotName%22%3A%22Production%22%2C%22commitMessage%22%3A%22Debug%3A%20list%20files%20before%20deploy%22%7D" X-Client-IP="4.246.135.37" X-Client-Port="55296" >
  <step title="OneDeploy" date="2026-02-20T19:50:20.487" >
    <step title="Starting PushDeployAsync" date="2026-02-20T19:50:20.587" /><!-- duration: 35ms -->
    <step title="Writing artifact to /tmp/zipdeploy/5e8a0323-06e3-415f-b13d-db3cb198cf7b.zip" date="2026-02-20T19:50:20.676" >
      <step title="Writing multipart request body to /tmp/zipdeploy/5e8a0323-06e3-415f-b13d-db3cb198cf7b.zip" date="2026-02-20T19:50:20.685" /><!-- duration: 23ms -->
    </step><!-- duration: 10351ms -->
    <step title="Start deployment in the background" date="2026-02-20T19:50:31.093" >
      <step title="Acquiring Deployment Lock" date="2026-02-20T19:50:31.238" /><!-- duration: 8ms -->
      <step title="Cannot Acquire Deployment Lock already held" date="2026-02-20T19:50:31.265" /><!-- duration: 21ms -->
    </step><!-- duration: 380ms -->
    <step title="There is a deployment currently in progress. Please try again when it completes." date="2026-02-20T19:50:31.535" /><!-- duration: 29ms -->
  </step><!-- duration: 11087ms -->
  <step title="Outgoing response" date="2026-02-20T19:50:31.610" type="response" statusCode="409" statusText="Conflict" /><!-- duration: 20ms -->
</step><!-- duration: 11235ms -->
