<step title="BackgroundTrace" date="2026-02-20T19:39:16.033" instance="d52a4a" url="/api/publish" method="POST" >
  <step title="Cleanup Xml Logs" date="2026-02-20T19:39:16.062" /><!-- duration: 24ms -->
  <step title="Creating temporary deployment - FetchDeploymentManager" date="2026-02-20T19:39:16.280" /><!-- duration: 55ms -->
  <step title="Creating temporary deployment" date="2026-02-20T19:39:16.358" /><!-- duration: 188ms -->
  <step title="Performing fetch based deployment" date="2026-02-20T19:39:16.727" >
    <step title="Cleaning up temp folders from previous zip deployments and extracting pushed zip file /tmp/zipdeploy/2e74ad07-299c-441d-8dbf-5f0c10ea0032.zip (376.04 MB) to /tmp/zipdeploy/extracted" date="2026-02-20T19:39:18.092" >
      <step title="ChmodRecursive Process exited with total time taken in ms: 548" date="2026-02-20T19:44:28.068" /><!-- duration: 7ms -->
    </step><!-- duration: 309990ms -->
    <step title="Deployment timer started" date="2026-02-20T19:44:30.099" >
      <step title="DeploymentManager.Deploy(id:aabf095b-700d-4e3d-a787-39dc7dcca528)" date="2026-02-20T19:44:30.124" >
        <step title="Collecting changeset information" date="2026-02-20T19:44:30.162" /><!-- duration: 132ms -->
        <step title="Updating submodules" date="2026-02-20T19:44:30.315" /><!-- duration: 1136ms -->
        <step title="Determining deployment builder" date="2026-02-20T19:44:31.715" >
          <step title="Builder is OneDeployBuilder" date="2026-02-20T19:44:31.742" /><!-- duration: 12ms -->
        </step><!-- duration: 47ms -->
        <step title="PreDeployment: context.CleanOutputPath False" date="2026-02-20T19:44:31.838" >
          <step title="PreDeployment: context.OutputPath /home/site/wwwroot" date="2026-02-20T19:44:31.986" >
            <step title="Building" date="2026-02-20T19:44:32.265" >
              <step title="Executing external process" date="2026-02-20T19:44:33.000" type="process" path="starter.sh" arguments="/opt/Kudu/Scripts/absoluteTar.sh /tmp/zipdeploy/extracted/node_modules /tmp/zipdeploy/extracted/node_modules.tar.gz" >
                <step title="Cpu: gzip(1009,31.770s)+sh(1008,0.000s)+tar(1007,5.730s)+absoluteTar.sh(1006,0.010s)=total(37.500s)" date="2026-02-20T19:45:33.579" /><!-- duration: 16ms -->
                <step title="starter.sh: no io activity for 60s, prev-cpu=-1.000s, current-cpu=37.500s" date="2026-02-20T19:45:33.626" /><!-- duration: 42ms -->
                <step title="Cpu: gzip(1009,69.740s)+sh(1008,0.000s)+tar(1007,9.710s)+absoluteTar.sh(1006,0.010s)=total(79.460s)" date="2026-02-20T19:46:33.891" /><!-- duration: 26ms -->
                <step title="starter.sh: no io activity for 121s, prev-cpu=37.500s, current-cpu=79.460s" date="2026-02-20T19:46:33.928" /><!-- duration: 66ms -->
              </step><!-- duration: 147099ms -->
              <step title="Executing external process" date="2026-02-20T19:47:00.529" type="process" path="starter.sh" arguments="/opt/Kudu/Scripts/parallel_rsync.sh /tmp/zipdeploy/extracted /home/site/wwwroot 8 /tmp/ False False node_modules " >
                <step title="Cpu: rsync(1104,0.060s)+rsync(1080,0.100s)+rsync(1069,2.420s)+bash(1066,0.000s)+rsync(1101,0.080s)+rsync(1079,0.110s)+rsync(1070,2.310s)+bash(1067,0.000s)+rsync(1098,0.860s)+rsync(1086,0.150s)+rsync(1078,2.620s)+bash(1068,0.010s)+rsync(1103,0.080s)+rsync(1081,0.170s)+rsync(1073,2.260s)+bash(1071,0.000s)+rsync(1106,0.050s)+rsync(1085,0.120s)+rsync(1075,2.660s)+bash(1072,0.000s)+rsync(1105,0.040s)+rsync(1088,0.110s)+rsync(1084,2.570s)+bash(1074,0.000s)+rsync(1102,0.070s)+rsync(1089,0.150s)+rsync(1083,2.240s)+bash(1076,0.000s)+rsync(1107,0.250s)+rsync(1090,0.100s)+rsync(1087,3.250s)+bash(1077,0.010s)+xargs(1065,0.010s)+parallel_rsync.sh(1057,0.020s)=total(22.870s)" date="2026-02-20T19:48:07.060" /><!-- duration: 207ms -->
                <step title="starter.sh: no io activity for 61s, prev-cpu=-1.000s, current-cpu=22.870s" date="2026-02-20T19:48:07.455" /><!-- duration: 423ms -->
                <step title="Cpu: rsync(1104,0.390s)+rsync(1080,0.410s)+rsync(1069,2.700s)+bash(1066,0.000s)+rsync(1101,0.330s)+rsync(1079,0.450s)+rsync(1070,2.360s)+bash(1067,0.000s)+rsync(1098,2.210s)+rsync(1086,0.420s)+rsync(1078,4.040s)+bash(1068,0.010s)+rsync(1103,0.360s)+rsync(1081,0.490s)+rsync(1073,2.430s)+bash(1071,0.000s)+rsync(1106,0.290s)+rsync(1085,0.480s)+rsync(1075,2.830s)+bash(1072,0.000s)+rsync(1105,0.270s)+rsync(1088,0.440s)+rsync(1084,2.570s)+bash(1074,0.000s)+rsync(1102,0.290s)+rsync(1089,0.420s)+rsync(1083,2.420s)+bash(1076,0.000s)+rsync(1107,1.840s)+rsync(1090,0.420s)+rsync(1087,6.710s)+bash(1077,0.010s)+xargs(1065,0.010s)+parallel_rsync.sh(1057,0.020s)=total(35.610s)" date="2026-02-20T19:49:08.789" /><!-- duration: 234ms -->
                <step title="starter.sh: no io activity for 123s, prev-cpu=22.870s, current-cpu=35.610s" date="2026-02-20T19:49:09.152" /><!-- duration: 138ms -->
                <step title="Cpu: rsync(1104,0.640s)+rsync(1080,0.510s)+rsync(1069,2.810s)+bash(1066,0.000s)+rsync(1101,0.610s)+rsync(1079,0.500s)+rsync(1070,2.460s)+bash(1067,0.000s)+rsync(1098,2.490s)+rsync(1086,0.460s)+rsync(1078,4.110s)+bash(1068,0.010s)+rsync(1103,0.610s)+rsync(1081,0.600s)+rsync(1073,2.540s)+bash(1071,0.000s)+rsync(1106,0.580s)+rsync(1085,0.530s)+rsync(1075,2.840s)+bash(1072,0.000s)+rsync(1105,0.530s)+rsync(1088,0.480s)+rsync(1084,2.760s)+bash(1074,0.000s)+rsync(1102,0.540s)+rsync(1089,0.510s)+rsync(1083,2.500s)+bash(1076,0.000s)+rsync(1107,2.170s)+rsync(1090,0.560s)+rsync(1087,7.190s)+bash(1077,0.010s)+xargs(1065,0.010s)+parallel_rsync.sh(1057,0.020s)=total(39.580s)" date="2026-02-20T19:50:09.926" /><!-- duration: 22ms -->
                <step title="starter.sh: no io activity for 184s, prev-cpu=35.610s, current-cpu=39.580s" date="2026-02-20T19:50:10.003" /><!-- duration: 71ms -->
                <step title="Cpu: rsync(1104,0.920s)+rsync(1080,0.510s)+rsync(1069,2.880s)+bash(1066,0.000s)+rsync(1101,0.850s)+rsync(1079,0.500s)+rsync(1070,2.690s)+bash(1067,0.000s)+rsync(1098,2.700s)+rsync(1086,0.460s)+rsync(1078,4.190s)+bash(1068,0.010s)+rsync(1103,0.850s)+rsync(1081,0.600s)+rsync(1073,2.650s)+bash(1071,0.000s)+rsync(1106,0.840s)+rsync(1085,0.530s)+rsync(1075,2.850s)+bash(1072,0.000s)+rsync(1105,0.800s)+rsync(1088,0.480s)+rsync(1084,2.790s)+bash(1074,0.000s)+rsync(1102,0.810s)+rsync(1089,0.510s)+rsync(1083,2.540s)+bash(1076,0.000s)+rsync(1107,2.470s)+rsync(1090,0.560s)+rsync(1087,7.190s)+bash(1077,0.010s)+xargs(1065,0.010s)+parallel_rsync.sh(1057,0.020s)=total(42.200s)" date="2026-02-20T19:51:10.952" /><!-- duration: 79ms -->
                <step title="starter.sh: no io activity for 245s, prev-cpu=39.580s, current-cpu=42.200s" date="2026-02-20T19:51:11.069" /><!-- duration: 167ms -->
                <step title="Cpu: rsync(1104,1.150s)+rsync(1080,0.510s)+rsync(1069,2.880s)+bash(1066,0.000s)+rsync(1101,1.120s)+rsync(1079,0.500s)+rsync(1070,2.760s)+bash(1067,0.000s)+rsync(1098,3.120s)+rsync(1086,0.460s)+rsync(1078,4.470s)+bash(1068,0.010s)+rsync(1103,1.130s)+rsync(1081,0.600s)+rsync(1073,2.810s)+bash(1071,0.000s)+rsync(1106,1.040s)+rsync(1085,0.530s)+rsync(1075,2.850s)+bash(1072,0.000s)+rsync(1105,1.030s)+rsync(1088,0.480s)+rsync(1084,2.830s)+bash(1074,0.000s)+rsync(1102,1.060s)+rsync(1089,0.510s)+rsync(1083,2.550s)+bash(1076,0.000s)+rsync(1107,2.730s)+rsync(1090,0.560s)+rsync(1087,7.240s)+bash(1077,0.010s)+xargs(1065,0.010s)+parallel_rsync.sh(1057,0.020s)=total(44.970s)" date="2026-02-20T19:52:11.932" /><!-- duration: 83ms -->
                <step title="starter.sh: no io activity for 306s, prev-cpu=42.200s, current-cpu=44.970s" date="2026-02-20T19:52:12.100" /><!-- duration: 116ms -->
                <step title="Cpu: rsync(1104,1.350s)+rsync(1080,0.510s)+rsync(1069,2.920s)+bash(1066,0.000s)+rsync(1101,1.270s)+rsync(1079,0.500s)+rsync(1070,2.770s)+bash(1067,0.000s)+rsync(1098,3.480s)+rsync(1086,0.460s)+rsync(1078,5.080s)+bash(1068,0.010s)+rsync(1103,1.260s)+rsync(1081,0.600s)+rsync(1073,2.920s)+bash(1071,0.000s)+rsync(1106,1.260s)+rsync(1085,0.530s)+rsync(1075,3.110s)+bash(1072,0.000s)+rsync(1105,1.180s)+rsync(1088,0.480s)+rsync(1084,2.860s)+bash(1074,0.000s)+rsync(1102,1.430s)+rsync(1089,0.510s)+rsync(1083,3.620s)+bash(1076,0.000s)+rsync(1107,2.920s)+rsync(1090,0.560s)+rsync(1087,7.290s)+bash(1077,0.010s)+xargs(1065,0.010s)+parallel_rsync.sh(1057,0.020s)=total(48.920s)" date="2026-02-20T19:53:13.449" /><!-- duration: 90ms -->
                <step title="starter.sh: no io activity for 367s, prev-cpu=44.970s, current-cpu=48.920s" date="2026-02-20T19:53:13.597" /><!-- duration: 76ms -->
                <step title="Cpu: rsync(1104,1.580s)+rsync(1080,0.510s)+rsync(1069,3.000s)+bash(1066,0.000s)+rsync(1101,1.490s)+rsync(1079,0.500s)+rsync(1070,2.790s)+bash(1067,0.000s)+rsync(1098,3.660s)+rsync(1086,0.460s)+rsync(1078,5.220s)+bash(1068,0.010s)+rsync(1103,1.450s)+rsync(1081,0.600s)+rsync(1073,2.920s)+bash(1071,0.000s)+rsync(1106,1.470s)+rsync(1085,0.530s)+rsync(1075,3.130s)+bash(1072,0.000s)+rsync(1105,1.410s)+rsync(1088,0.480s)+rsync(1084,2.930s)+bash(1074,0.000s)+rsync(1102,1.880s)+rsync(1089,0.510s)+rsync(1083,4.820s)+bash(1076,0.000s)+rsync(1107,3.100s)+rsync(1090,0.560s)+rsync(1087,7.290s)+bash(1077,0.010s)+xargs(1065,0.010s)+parallel_rsync.sh(1057,0.020s)=total(52.340s)" date="2026-02-20T19:54:15.473" /><!-- duration: 155ms -->
                <step title="starter.sh: no io activity for 429s, prev-cpu=48.920s, current-cpu=52.340s" date="2026-02-20T19:54:15.705" /><!-- duration: 170ms -->
                <step title="Cpu: rsync(1104,1.800s)+rsync(1080,0.510s)+rsync(1069,3.070s)+bash(1066,0.000s)+rsync(1101,1.730s)+rsync(1079,0.500s)+rsync(1070,2.900s)+bash(1067,0.000s)+rsync(1098,3.910s)+rsync(1086,0.460s)+rsync(1078,5.330s)+bash(1068,0.010s)+rsync(1103,1.610s)+rsync(1081,0.600s)+rsync(1073,3.000s)+bash(1071,0.000s)+rsync(1106,1.680s)+rsync(1085,0.530s)+rsync(1075,3.130s)+bash(1072,0.000s)+rsync(1105,1.640s)+rsync(1088,0.480s)+rsync(1084,3.050s)+bash(1074,0.000s)+rsync(1102,2.180s)+rsync(1089,0.510s)+rsync(1083,5.060s)+bash(1076,0.000s)+rsync(1107,3.320s)+rsync(1090,0.560s)+rsync(1087,7.290s)+bash(1077,0.010s)+xargs(1065,0.010s)+parallel_rsync.sh(1057,0.020s)=total(54.900s)" date="2026-02-20T19:55:16.900" /><!-- duration: 32ms -->
                <step title="starter.sh: no io activity for 491s, prev-cpu=52.340s, current-cpu=54.900s" date="2026-02-20T19:55:16.963" /><!-- duration: 97ms -->
                <step title="Cpu: rsync(1104,2.030s)+rsync(1080,0.510s)+rsync(1069,3.200s)+bash(1066,0.000s)+rsync(1101,2.130s)+rsync(1079,0.500s)+rsync(1070,3.800s)+bash(1067,0.000s)+rsync(1098,4.120s)+rsync(1086,0.460s)+rsync(1078,5.330s)+bash(1068,0.010s)+rsync(1103,1.840s)+rsync(1081,0.600s)+rsync(1073,3.050s)+bash(1071,0.000s)+rsync(1106,1.940s)+rsync(1085,0.530s)+rsync(1075,3.160s)+bash(1072,0.000s)+rsync(1105,1.930s)+rsync(1088,0.480s)+rsync(1084,3.220s)+bash(1074,0.000s)+rsync(1102,2.430s)+rsync(1089,0.510s)+rsync(1083,5.150s)+bash(1076,0.000s)+rsync(1107,3.550s)+rsync(1090,0.560s)+rsync(1087,7.360s)+bash(1077,0.010s)+xargs(1065,0.010s)+parallel_rsync.sh(1057,0.020s)=total(58.400s)" date="2026-02-20T19:56:20.013" /><!-- duration: 91ms -->
                <step title="starter.sh: no io activity for 553s, prev-cpu=54.900s, current-cpu=58.400s" date="2026-02-20T19:56:20.457" /><!-- duration: 253ms -->
                <step title="Cpu: rsync(1104,2.180s)+rsync(1080,0.510s)+rsync(1069,3.240s)+bash(1066,0.000s)+rsync(1101,2.380s)+rsync(1079,0.500s)+rsync(1070,4.300s)+bash(1067,0.000s)+rsync(1098,4.240s)+rsync(1086,0.460s)+rsync(1078,5.430s)+bash(1068,0.010s)+rsync(1103,1.980s)+rsync(1081,0.600s)+rsync(1073,3.060s)+bash(1071,0.000s)+rsync(1106,2.080s)+rsync(1085,0.530s)+rsync(1075,3.290s)+bash(1072,0.000s)+rsync(1105,2.060s)+rsync(1088,0.480s)+rsync(1084,3.280s)+bash(1074,0.000s)+rsync(1102,2.630s)+rsync(1089,0.510s)+rsync(1083,5.390s)+bash(1076,0.000s)+rsync(1107,3.690s)+rsync(1090,0.560s)+rsync(1087,7.590s)+bash(1077,0.010s)+xargs(1065,0.010s)+parallel_rsync.sh(1057,0.020s)=total(61.010s)" date="2026-02-20T19:57:22.070" /><!-- duration: 68ms -->
                <step title="starter.sh: no io activity for 616s, prev-cpu=58.400s, current-cpu=61.010s" date="2026-02-20T19:57:22.225" /><!-- duration: 77ms -->
