<step title="Incoming Request" date="2026-02-20T20:02:42.742" instance="d52a4a" url="/api/publish?async=true&amp;deployer=GITHUB_ONE_DEPLOY&amp;type=zip&amp;message=%7B%22type%22%3A%22deployment%22%2C%22sha%22%3A%228c830f5935c9b79df3f15e918a441bb646d633d1%22%2C%22repoName%22%3A%22Mlobeto%2FDivancoSaas%22%2C%22actor%22%3A%22Mlobeto%22%2C%22slotName%22%3A%22Production%22%2C%22commitMessage%22%3A%22Add%20publish-profile.xml%20to%20gitignore%22%7D" method="POST" type="request" pid="833,1,7" Host="divancosaas-backend-h4esckd7cwbxhcdx.scm.centralus-01.azurewebsites.net" User-Agent="GITHUBACTIONS_DeployWebAppToAzure_953692e90c4048632a884533f68b06556c216fa2b988fd8f50512622c1057052" Authorization="Bea..." Content-Type="application/octet-stream" Cookie="ARRAffinity=d52a4aae69845e69056db869f8040bf318d79e2f15e14e216f32168994a14f86;Path=/;HttpOnly;Secure;Domain=divancosaas-backend-h4esckd7cwbxhcdx.scm.centralus-01.azurewebsites.net; ARRAffinitySameSite=d52a4aae69845e69056db869f8040bf318d79e2f15e14e216f32168994a14f86;Path=/;HttpOnly;SameSite=None;Secure;Domain=divancosaas-backend-h4esckd7cwbxhcdx.scm.centralus-01.azurewebsites.net" Transfer-Encoding="chunked" X-ARR-LOG-ID="b9761b78-f2ae-484d-92fb-478da826f504" CLIENT-IP="172.174.167.17:1024" X-SITE-DEPLOYMENT-ID="divancosaas-backend" WAS-DEFAULT-HOSTNAME="divancosaas-backend-h4esckd7cwbxhcdx.scm.centralus-01.azurewebsites.net" X-Forwarded-Proto="https" X-AppService-Proto="https" X-Forwarded-TlsVersion="1.3" X-WAWS-Unencoded-URL="/api/publish?async=true&amp;deployer=GITHUB_ONE_DEPLOY&amp;type=zip&amp;message=%7B%22type%22%3A%22deployment%22%2C%22sha%22%3A%228c830f5935c9b79df3f15e918a441bb646d633d1%22%2C%22repoName%22%3A%22Mlobeto%2FDivancoSaas%22%2C%22actor%22%3A%22Mlobeto%22%2C%22slotName%22%3A%22Production%22%2C%22commitMessage%22%3A%22Add%20publish-profile.xml%20to%20gitignore%22%7D" X-Client-IP="172.174.167.17" X-Client-Port="1024" >
  <step title="Cleanup Xml Logs" date="2026-02-20T20:02:42.762" /><!-- duration: 51ms -->
  <step title="OneDeploy" date="2026-02-20T20:02:43.553" >
    <step title="None repository commit" date="2026-02-20T20:02:43.661" >
      <step title="Commit id: ab66e542-4594-42b6-af0c-ba68d619674a" date="2026-02-20T20:02:43.721" Message="N/A" AuthorName="N/A" AuthorEmail="N/A" /><!-- duration: 36ms -->
    </step><!-- duration: 108ms -->
    <step title="Starting PushDeployAsync" date="2026-02-20T20:02:43.807" /><!-- duration: 9ms -->
    <step title="Writing artifact to /tmp/zipdeploy/44fee583-2055-4dfe-971c-736071d80934.zip" date="2026-02-20T20:02:44.024" >
      <step title="Writing multipart request body to /tmp/zipdeploy/44fee583-2055-4dfe-971c-736071d80934.zip" date="2026-02-20T20:02:44.046" /><!-- duration: 19ms -->
    </step><!-- duration: 13669ms -->
    <step title="Start deployment in the background" date="2026-02-20T20:02:57.805" >
      <step title="Acquiring Deployment Lock" date="2026-02-20T20:02:58.098" /><!-- duration: 5ms -->
      <step title="Acquired Deployment Lock" date="2026-02-20T20:02:58.343" /><!-- duration: 27ms -->
    </step><!-- duration: 1284ms -->
  </step><!-- duration: 15673ms -->
  <step title="Outgoing response" date="2026-02-20T20:02:59.351" type="response" statusCode="202" statusText="Accepted" /><!-- duration: 17ms -->
</step><!-- duration: 16658ms -->
