<step title="Incoming Request" date="2026-02-20T20:05:41.556" instance="d52a4a" url="/api/publish?async=true&amp;deployer=GITHUB_ONE_DEPLOY&amp;type=zip&amp;message=%7B%22type%22%3A%22deployment%22%2C%22sha%22%3A%22a778c2ad90a91fbd4a5552b3f21d0547eabf3bb0%22%2C%22repoName%22%3A%22Mlobeto%2FDivancoSaas%22%2C%22actor%22%3A%22Mlobeto%22%2C%22slotName%22%3A%22Production%22%2C%22commitMessage%22%3A%22Fix%3A%20change%20start%20script%20to%20run%20prisma%20migrations%22%7D" method="POST" type="request" pid="834,1,15" Host="divancosaas-backend-h4esckd7cwbxhcdx.scm.centralus-01.azurewebsites.net" User-Agent="GITHUBACTIONS_DeployWebAppToAzure_953692e90c4048632a884533f68b06556c216fa2b988fd8f50512622c1057052" Authorization="Bea..." Content-Type="application/octet-stream" Cookie="ARRAffinity=d52a4aae69845e69056db869f8040bf318d79e2f15e14e216f32168994a14f86;Path=/;HttpOnly;Secure;Domain=divancosaas-backend-h4esckd7cwbxhcdx.scm.centralus-01.azurewebsites.net; ARRAffinitySameSite=d52a4aae69845e69056db869f8040bf318d79e2f15e14e216f32168994a14f86;Path=/;HttpOnly;SameSite=None;Secure;Domain=divancosaas-backend-h4esckd7cwbxhcdx.scm.centralus-01.azurewebsites.net" Transfer-Encoding="chunked" X-ARR-LOG-ID="ca802ac1-1887-4420-958a-a8bd380e34e3" CLIENT-IP="135.119.239.40:46128" X-SITE-DEPLOYMENT-ID="divancosaas-backend" WAS-DEFAULT-HOSTNAME="divancosaas-backend-h4esckd7cwbxhcdx.scm.centralus-01.azurewebsites.net" X-Forwarded-Proto="https" X-AppService-Proto="https" X-Forwarded-TlsVersion="1.3" X-WAWS-Unencoded-URL="/api/publish?async=true&amp;deployer=GITHUB_ONE_DEPLOY&amp;type=zip&amp;message=%7B%22type%22%3A%22deployment%22%2C%22sha%22%3A%22a778c2ad90a91fbd4a5552b3f21d0547eabf3bb0%22%2C%22repoName%22%3A%22Mlobeto%2FDivancoSaas%22%2C%22actor%22%3A%22Mlobeto%22%2C%22slotName%22%3A%22Production%22%2C%22commitMessage%22%3A%22Fix%3A%20change%20start%20script%20to%20run%20prisma%20migrations%22%7D" X-Client-IP="135.119.239.40" X-Client-Port="46128" >
  <step title="Cleanup Xml Logs" date="2026-02-20T20:05:41.587" /><!-- duration: 58ms -->
  <step title="OneDeploy" date="2026-02-20T20:05:41.910" >
    <step title="Starting PushDeployAsync" date="2026-02-20T20:05:41.957" /><!-- duration: 3ms -->
    <step title="Writing artifact to /tmp/zipdeploy/e99d952d-39d1-42ce-9572-5700e885864b.zip" date="2026-02-20T20:05:42.018" >
      <step title="Writing multipart request body to /tmp/zipdeploy/e99d952d-39d1-42ce-9572-5700e885864b.zip" date="2026-02-20T20:05:42.045" /><!-- duration: 3ms -->
    </step><!-- duration: 10746ms -->
    <step title="Start deployment in the background" date="2026-02-20T20:05:52.814" >
      <step title="Acquiring Deployment Lock" date="2026-02-20T20:05:52.953" /><!-- duration: 19ms -->
      <step title="Cannot Acquire Deployment Lock already held" date="2026-02-20T20:05:53.012" /><!-- duration: 22ms -->
    </step><!-- duration: 425ms -->
    <step title="There is a deployment currently in progress. Please try again when it completes." date="2026-02-20T20:05:53.273" /><!-- duration: 45ms -->
  </step><!-- duration: 11418ms -->
  <step title="Outgoing response" date="2026-02-20T20:05:53.349" type="response" statusCode="409" statusText="Conflict" /><!-- duration: 40ms -->
</step><!-- duration: 11892ms -->
