<step title="Incoming Request" date="2026-02-20T20:05:59.777" instance="d52a4a" url="/api/publish?async=true&amp;deployer=GITHUB_ONE_DEPLOY&amp;type=zip&amp;message=%7B%22type%22%3A%22deployment%22%2C%22sha%22%3A%22a778c2ad90a91fbd4a5552b3f21d0547eabf3bb0%22%2C%22repoName%22%3A%22Mlobeto%2FDivancoSaas%22%2C%22actor%22%3A%22Mlobeto%22%2C%22slotName%22%3A%22Production%22%2C%22commitMessage%22%3A%22Fix%3A%20change%20start%20script%20to%20run%20prisma%20migrations%22%7D" method="POST" type="request" pid="834,1,19" Host="divancosaas-backend-h4esckd7cwbxhcdx.scm.centralus-01.azurewebsites.net" User-Agent="GITHUBACTIONS_DeployWebAppToAzure_953692e90c4048632a884533f68b06556c216fa2b988fd8f50512622c1057052" Authorization="Bea..." Content-Type="application/octet-stream" Cookie="ARRAffinity=d52a4aae69845e69056db869f8040bf318d79e2f15e14e216f32168994a14f86;Path=/;HttpOnly;Secure;Domain=divancosaas-backend-h4esckd7cwbxhcdx.scm.centralus-01.azurewebsites.net; ARRAffinitySameSite=d52a4aae69845e69056db869f8040bf318d79e2f15e14e216f32168994a14f86;Path=/;HttpOnly;SameSite=None;Secure;Domain=divancosaas-backend-h4esckd7cwbxhcdx.scm.centralus-01.azurewebsites.net" Transfer-Encoding="chunked" X-ARR-LOG-ID="d5426b26-23ef-4852-b411-28f76968dc77" CLIENT-IP="135.119.239.40:46129" X-SITE-DEPLOYMENT-ID="divancosaas-backend" WAS-DEFAULT-HOSTNAME="divancosaas-backend-h4esckd7cwbxhcdx.scm.centralus-01.azurewebsites.net" X-Forwarded-Proto="https" X-AppService-Proto="https" X-Forwarded-TlsVersion="1.3" X-WAWS-Unencoded-URL="/api/publish?async=true&amp;deployer=GITHUB_ONE_DEPLOY&amp;type=zip&amp;message=%7B%22type%22%3A%22deployment%22%2C%22sha%22%3A%22a778c2ad90a91fbd4a5552b3f21d0547eabf3bb0%22%2C%22repoName%22%3A%22Mlobeto%2FDivancoSaas%22%2C%22actor%22%3A%22Mlobeto%22%2C%22slotName%22%3A%22Production%22%2C%22commitMessage%22%3A%22Fix%3A%20change%20start%20script%20to%20run%20prisma%20migrations%22%7D" X-Client-IP="135.119.239.40" X-Client-Port="46129" >
  <step title="Cleanup Xml Logs" date="2026-02-20T20:05:59.788" /><!-- duration: 28ms -->
  <step title="OneDeploy" date="2026-02-20T20:05:59.867" >
    <step title="Starting PushDeployAsync" date="2026-02-20T20:05:59.891" /><!-- duration: 7ms -->
    <step title="Writing artifact to /tmp/zipdeploy/3075efd7-aad3-4aed-aef6-6b9e15f2c39e.zip" date="2026-02-20T20:06:00.082" >
      <step title="Writing multipart request body to /tmp/zipdeploy/3075efd7-aad3-4aed-aef6-6b9e15f2c39e.zip" date="2026-02-20T20:06:00.093" /><!-- duration: 21ms -->
    </step><!-- duration: 11988ms -->
    <step title="Start deployment in the background" date="2026-02-20T20:06:12.137" >
      <step title="Acquiring Deployment Lock" date="2026-02-20T20:06:12.333" /><!-- duration: 11ms -->
      <step title="Cannot Acquire Deployment Lock already held" date="2026-02-20T20:06:12.375" /><!-- duration: 16ms -->
    </step><!-- duration: 363ms -->
    <step title="There is a deployment currently in progress. Please try again when it completes." date="2026-02-20T20:06:12.521" /><!-- duration: 19ms -->
  </step><!-- duration: 12692ms -->
  <step title="Outgoing response" date="2026-02-20T20:06:12.580" type="response" statusCode="409" statusText="Conflict" /><!-- duration: 9ms -->
</step><!-- duration: 12845ms -->
