<step title="BackgroundTrace" date="2026-02-20T20:02:57.842" instance="d52a4a" url="/api/publish" method="POST" >
  <step title="Cleanup Xml Logs" date="2026-02-20T20:02:57.884" /><!-- duration: 46ms -->
  <step title="Creating temporary deployment - FetchDeploymentManager" date="2026-02-20T20:02:58.383" /><!-- duration: 18ms -->
  <step title="Creating temporary deployment" date="2026-02-20T20:02:58.459" /><!-- duration: 541ms -->
  <step title="Performing fetch based deployment" date="2026-02-20T20:02:59.520" >
    <step title="Cleaning up temp folders from previous zip deployments and extracting pushed zip file /tmp/zipdeploy/44fee583-2055-4dfe-971c-736071d80934.zip (131.20 MB) to /tmp/zipdeploy/extracted" date="2026-02-20T20:03:01.385" >
      <step title="ChmodRecursive Process exited with total time taken in ms: 542" date="2026-02-20T20:04:38.802" /><!-- duration: 109ms -->
    </step><!-- duration: 97623ms -->
    <step title="Deployment timer started" date="2026-02-20T20:04:41.456" >
      <step title="DeploymentManager.Deploy(id:ab66e542-4594-42b6-af0c-ba68d619674a)" date="2026-02-20T20:04:41.478" >
        <step title="Collecting changeset information" date="2026-02-20T20:04:41.562" /><!-- duration: 310ms -->
        <step title="Updating submodules" date="2026-02-20T20:04:41.912" /><!-- duration: 1399ms -->
        <step title="Determining deployment builder" date="2026-02-20T20:04:43.737" >
          <step title="Builder is OneDeployBuilder" date="2026-02-20T20:04:43.931" /><!-- duration: 35ms -->
        </step><!-- duration: 250ms -->
        <step title="PreDeployment: context.CleanOutputPath False" date="2026-02-20T20:04:44.162" >
          <step title="PreDeployment: context.OutputPath /home/site/wwwroot" date="2026-02-20T20:04:44.430" >
            <step title="Building" date="2026-02-20T20:04:44.697" >
              <step title="Executing external process" date="2026-02-20T20:04:46.502" type="process" path="starter.sh" arguments="/opt/Kudu/Scripts/absoluteTar.sh /tmp/zipdeploy/extracted/node_modules /tmp/zipdeploy/extracted/node_modules.tar.gz" >
                <step title="Cpu: gzip(950,21.300s)+sh(949,0.000s)+tar(948,3.850s)+absoluteTar.sh(947,0.000s)=total(25.140s)" date="2026-02-20T20:05:47.608" /><!-- duration: 51ms -->
                <step title="starter.sh: no io activity for 61s, prev-cpu=-1.000s, current-cpu=25.140s" date="2026-02-20T20:05:47.697" /><!-- duration: 71ms -->
                <step title="Cpu: gzip(950,47.080s)+sh(949,0.000s)+tar(948,5.990s)+absoluteTar.sh(947,0.000s)=total(53.070s)" date="2026-02-20T20:06:48.308" /><!-- duration: 30ms -->
                <step title="starter.sh: no io activity for 122s, prev-cpu=25.140s, current-cpu=53.070s" date="2026-02-20T20:06:48.349" /><!-- duration: 20ms -->
              </step><!-- duration: 151611ms -->
              <step title="Executing external process" date="2026-02-20T20:07:18.806" type="process" path="starter.sh" arguments="/opt/Kudu/Scripts/parallel_rsync.sh /tmp/zipdeploy/extracted /home/site/wwwroot 8 /tmp/ False False node_modules " /><!-- duration: 31800ms -->
              <step title="Modified file to trigger a restart of the app container." date="2026-02-20T20:07:51.547" /><!-- duration: 6ms -->
              <step title="Skip function trigger and logicapp sync because function is not enabled." date="2026-02-20T20:07:51.566" /><!-- duration: 19ms -->
              <step title="Purge deployment items" date="2026-02-20T20:07:52.310" >
                <step title="Remove temp-55a3, Pending, received at 02/20/2026 20:02:58" date="2026-02-20T20:07:52.396" /><!-- duration: 4ms -->
                <step title="Remove temp-341b, Pending, received at 02/20/2026 19:39:16" date="2026-02-20T20:07:52.458" /><!-- duration: 5ms -->
              </step><!-- duration: 157ms -->
            </step><!-- duration: 187851ms -->
          </step><!-- duration: 188125ms -->
          <step title="Cleaning up temp files" date="2026-02-20T20:07:52.559" /><!-- duration: 7ms -->
          <step title="Cleaning up temp files" date="2026-02-20T20:07:52.570" /><!-- duration: 518ms -->
          <step title="Reloading status file with latest updates" date="2026-02-20T20:07:53.111" >
            <step title="WebHooksManager.PublishEventAsync: PostDeployment" date="2026-02-20T20:07:53.117" /><!-- duration: 126ms -->
          </step><!-- duration: 146ms -->
          <step title="Cleaning up temporary deployment - fetch deployment was successful" date="2026-02-20T20:07:53.266" /><!-- duration: 4ms -->
        </step><!-- duration: 189179ms -->
      </step><!-- duration: 191887ms -->
