<step title="Incoming Request" date="2026-02-20T20:05:27.395" instance="d52a4a" url="/api/publish?async=true&amp;deployer=GITHUB_ONE_DEPLOY&amp;type=zip&amp;message=%7B%22type%22%3A%22deployment%22%2C%22sha%22%3A%22a778c2ad90a91fbd4a5552b3f21d0547eabf3bb0%22%2C%22repoName%22%3A%22Mlobeto%2FDivancoSaas%22%2C%22actor%22%3A%22Mlobeto%22%2C%22slotName%22%3A%22Production%22%2C%22commitMessage%22%3A%22Fix%3A%20change%20start%20script%20to%20run%20prisma%20migrations%22%7D" method="POST" type="request" pid="834,1,7" Host="divancosaas-backend-h4esckd7cwbxhcdx.scm.centralus-01.azurewebsites.net" User-Agent="GITHUBACTIONS_DeployWebAppToAzure_953692e90c4048632a884533f68b06556c216fa2b988fd8f50512622c1057052" Authorization="Bea..." Content-Type="application/octet-stream" Cookie="ARRAffinity=d52a4aae69845e69056db869f8040bf318d79e2f15e14e216f32168994a14f86;Path=/;HttpOnly;Secure;Domain=divancosaas-backend-h4esckd7cwbxhcdx.scm.centralus-01.azurewebsites.net; ARRAffinitySameSite=d52a4aae69845e69056db869f8040bf318d79e2f15e14e216f32168994a14f86;Path=/;HttpOnly;SameSite=None;Secure;Domain=divancosaas-backend-h4esckd7cwbxhcdx.scm.centralus-01.azurewebsites.net" Transfer-Encoding="chunked" X-ARR-LOG-ID="b039ff8c-1d61-4c23-936f-0c4d15299c6a" CLIENT-IP="135.119.239.40:46128" X-SITE-DEPLOYMENT-ID="divancosaas-backend" WAS-DEFAULT-HOSTNAME="divancosaas-backend-h4esckd7cwbxhcdx.scm.centralus-01.azurewebsites.net" X-Forwarded-Proto="https" X-AppService-Proto="https" X-Forwarded-TlsVersion="1.3" X-WAWS-Unencoded-URL="/api/publish?async=true&amp;deployer=GITHUB_ONE_DEPLOY&amp;type=zip&amp;message=%7B%22type%22%3A%22deployment%22%2C%22sha%22%3A%22a778c2ad90a91fbd4a5552b3f21d0547eabf3bb0%22%2C%22repoName%22%3A%22Mlobeto%2FDivancoSaas%22%2C%22actor%22%3A%22Mlobeto%22%2C%22slotName%22%3A%22Production%22%2C%22commitMessage%22%3A%22Fix%3A%20change%20start%20script%20to%20run%20prisma%20migrations%22%7D" X-Client-IP="135.119.239.40" X-Client-Port="46128" >
  <step title="Cleanup Xml Logs" date="2026-02-20T20:05:27.411" /><!-- duration: 23ms -->
  <step title="OneDeploy" date="2026-02-20T20:05:27.636" >
    <step title="None repository commit" date="2026-02-20T20:05:27.679" >
      <step title="Commit id: 052c8694-8c47-4b56-894b-b0b3f49500a9" date="2026-02-20T20:05:27.688" Message="N/A" AuthorName="N/A" AuthorEmail="N/A" /><!-- duration: 10ms -->
    </step><!-- duration: 28ms -->
    <step title="Starting PushDeployAsync" date="2026-02-20T20:05:27.717" /><!-- duration: 9ms -->
    <step title="Writing artifact to /tmp/zipdeploy/bf45f9b2-368b-4a0a-a2c9-605a73c8dd3b.zip" date="2026-02-20T20:05:28.131" >
      <step title="Writing multipart request body to /tmp/zipdeploy/bf45f9b2-368b-4a0a-a2c9-605a73c8dd3b.zip" date="2026-02-20T20:05:28.173" /><!-- duration: 9ms -->
    </step><!-- duration: 10621ms -->
    <step title="Start deployment in the background" date="2026-02-20T20:05:38.810" >
      <step title="Acquiring Deployment Lock" date="2026-02-20T20:05:38.908" /><!-- duration: 10ms -->
      <step title="Cannot Acquire Deployment Lock already held" date="2026-02-20T20:05:38.955" /><!-- duration: 11ms -->
    </step><!-- duration: 364ms -->
    <step title="There is a deployment currently in progress. Please try again when it completes." date="2026-02-20T20:05:39.196" /><!-- duration: 19ms -->
  </step><!-- duration: 11600ms -->
  <step title="Outgoing response" date="2026-02-20T20:05:39.341" type="response" statusCode="409" statusText="Conflict" /><!-- duration: 4ms -->
</step><!-- duration: 11967ms -->
