﻿<?xml version="1.0" encoding="utf-8"?>
<deployment>
  <id>aabf095b-700d-4e3d-a787-39dc7dcca528</id>
  <author>N/A</author>
  <deployer>OneDeploy</deployer>
  <authorEmail>N/A</authorEmail>
  <message>OneDeploy</message>
  <progress>Express Node Deploy: Running rsync...</progress>
  <status>Building</status>
  <statusText>Building and Deploying 'aabf095b-700d-4e3d-a787-39dc7dcca528'.</statusText>
  <lastSuccessEndTime />
  <receivedTime>2026-02-20T19:44:30.2168341Z</receivedTime>
  <startTime>2026-02-20T19:44:31.6308859Z</startTime>
  <endTime />
  <complete>False</complete>
  <is_temp>False</is_temp>
  <is_readonly>True</is_readonly>
  <containerId>939d1f4ea829</containerId>
  <buildSummary />
</deployment>