﻿<?xml version="1.0" encoding="utf-8"?>
<deployment>
  <id>ab66e542-4594-42b6-af0c-ba68d619674a</id>
  <author>N/A</author>
  <deployer>OneDeploy</deployer>
  <authorEmail>N/A</authorEmail>
  <message>OneDeploy</message>
  <progress></progress>
  <status>Success</status>
  <statusText></statusText>
  <lastSuccessEndTime>2026-02-20T20:07:51.9872216Z</lastSuccessEndTime>
  <receivedTime>2026-02-20T20:04:41.704957Z</receivedTime>
  <startTime>2026-02-20T20:04:43.6238092Z</startTime>
  <endTime>2026-02-20T20:07:51.9872216Z</endTime>
  <complete>True</complete>
  <is_temp>False</is_temp>
  <is_readonly>True</is_readonly>
  <containerId>b772f98091ef</containerId>
  <buildSummary />
</deployment>